{
  "Non-Geometric (plain)": {
    "epoch": [
      1,
      2,
      3,
      4,
      5,
      6,
      7,
      8,
      9,
      10,
      11,
      12,
      13,
      14,
      15,
      16,
      17,
      18,
      19,
      20,
      21,
      22,
      23,
      24,
      25,
      26,
      27,
      28,
      29,
      30,
      31,
      32,
      33,
      34,
      35,
      36,
      37,
      38,
      39,
      40,
      41,
      42,
      43,
      44,
      45,
      46,
      47,
      48,
      49,
      50,
      51,
      52,
      53,
      54,
      55,
      56,
      57,
      58,
      59,
      60,
      61,
      62,
      63,
      64,
      65,
      66,
      67,
      68,
      69,
      70,
      71,
      72,
      73,
      74,
      75,
      76,
      77,
      78,
      79,
      80,
      81,
      82,
      83,
      84,
      85,
      86,
      87,
      88,
      89,
      90,
      91,
      92,
      93,
      94,
      95,
      96,
      97,
      98,
      99,
      100
    ],
    "loss": [
      0.4687600005180278,
      0.15587822377998778,
      0.11121704765456789,
      0.08845318286342824,
      0.07099637732385321,
      0.05825018496747981,
      0.04818984826115218,
      0.040795398420317375,
      0.034612179180963876,
      0.02772121735987194,
      0.025213236213126714,
      0.018695597725107947,
      0.017282789226304343,
      0.01642844772283384,
      0.013763219996434735,
      0.010617190034207987,
      0.011354705643780688,
      0.011929789698742171,
      0.007595709328876531,
      0.006467113498489352,
      0.0032349160137992512,
      0.00983568629859253,
      0.0152177004988226,
      0.0065473236608011845,
      0.006102622699480444,
      0.007649746271868316,
      0.004242249020264469,
      0.00606930625459001,
      0.004094106807748718,
      0.008439216457438616,
      0.00968190677952581,
      0.004646725999748711,
      0.0015378970512950005,
      0.001234666780820067,
      0.0003050464835123808,
      9.729635005490483e-05,
      6.282352289340355e-05,
      5.207381118646268e-05,
      4.47164574286441e-05,
      3.8882117825507636e-05,
      3.496832770248689e-05,
      3.0782040078113996e-05,
      2.768199905732856e-05,
      2.4705493799163067e-05,
      2.207681166877824e-05,
      2.0044870915568182e-05,
      1.7618639572959938e-05,
      1.562731984382055e-05,
      1.3982401171089582e-05,
      1.2509571741034923e-05,
      1.1367197660842492e-05,
      1.0066379623952905e-05,
      9.004429694685197e-06,
      7.859082474982294e-06,
      7.134335832224098e-06,
      6.540695651050981e-06,
      5.525940418871695e-06,
      4.916173447310378e-06,
      4.386448918641226e-06,
      3.90455750704782e-06,
      3.469708072659759e-06,
      2.9935831511262765e-06,
      2.7430425447203155e-06,
      2.3903036622975395e-06,
      2.1331760755271157e-06,
      1.8642348913032193e-06,
      1.6625185180189757e-06,
      1.4266341986150169e-06,
      1.2657106244079571e-06,
      1.108793105081628e-06,
      1.0237501730433025e-06,
      8.591394078846261e-07,
      7.576715483780651e-07,
      6.53550721036491e-07,
      5.703045866780752e-07,
      5.126392557696256e-07,
      4.450388578056071e-07,
      3.8699474199962e-07,
      3.542060910827796e-07,
      3.00527258915847e-07,
      2.6006911813500996e-07,
      2.2977987230012545e-07,
      1.9956522687619597e-07,
      1.8253397941327634e-07,
      1.5547319637100393e-07,
      1.3544934006933346e-07,
      1.1552120384444509e-07,
      1.036862072418537e-07,
      9.031752017290999e-08,
      7.920579231356055e-08,
      6.821295397277206e-08,
      6.172870945934082e-08,
      5.3362041374752385e-08,
      4.6525764829427315e-08,
      4.043321652999417e-08,
      3.592720571067605e-08,
      3.107906159755807e-08,
      2.7349153785159938e-08,
      2.410538332677461e-08,
      2.1134402759301753e-08
    ],
    "accuracy": [
      0.9446,
      0.9609,
      0.9684,
      0.9707,
      0.974,
      0.975,
      0.9773,
      0.9766,
      0.9757,
      0.9771,
      0.9793,
      0.9796,
      0.9784,
      0.979,
      0.976,
      0.9782,
      0.9781,
      0.9796,
      0.9775,
      0.977,
      0.9784,
      0.9743,
      0.9788,
      0.9749,
      0.9779,
      0.9794,
      0.978,
      0.9769,
      0.9783,
      0.9786,
      0.9811,
      0.9792,
      0.9815,
      0.9814,
      0.9809,
      0.9814,
      0.9817,
      0.9817,
      0.9816,
      0.9815,
      0.9816,
      0.9814,
      0.9815,
      0.9816,
      0.9813,
      0.9812,
      0.9816,
      0.9814,
      0.9817,
      0.9815,
      0.9817,
      0.9818,
      0.9816,
      0.9819,
      0.9818,
      0.9818,
      0.9817,
      0.9818,
      0.9819,
      0.9815,
      0.9815,
      0.9814,
      0.9815,
      0.9817,
      0.9817,
      0.9814,
      0.9815,
      0.9818,
      0.9816,
      0.9816,
      0.9813,
      0.9816,
      0.9815,
      0.9815,
      0.9816,
      0.9817,
      0.9816,
      0.9814,
      0.9817,
      0.9817,
      0.9817,
      0.9817,
      0.9816,
      0.9816,
      0.9814,
      0.9817,
      0.9815,
      0.9815,
      0.9814,
      0.9814,
      0.9817,
      0.9818,
      0.9813,
      0.9815,
      0.9817,
      0.9815,
      0.9815,
      0.9813,
      0.9815,
      0.9814
    ]
  },
  "Non-Geometric + BRB": {
    "epoch": [
      1,
      2,
      3,
      4,
      5,
      6,
      7,
      8,
      9,
      10,
      11,
      12,
      13,
      14,
      15,
      16,
      17,
      18,
      19,
      20,
      21,
      22,
      23,
      24,
      25,
      26,
      27,
      28,
      29,
      30,
      31,
      32,
      33,
      34,
      35,
      36,
      37,
      38,
      39,
      40,
      41,
      42,
      43,
      44,
      45,
      46,
      47,
      48,
      49,
      50,
      51,
      52,
      53,
      54,
      55,
      56,
      57,
      58,
      59,
      60,
      61,
      62,
      63,
      64,
      65,
      66,
      67,
      68,
      69,
      70,
      71,
      72,
      73,
      74,
      75,
      76,
      77,
      78,
      79,
      80,
      81,
      82,
      83,
      84,
      85,
      86,
      87,
      88,
      89,
      90,
      91,
      92,
      93,
      94,
      95,
      96,
      97,
      98,
      99,
      100
    ],